[
    {
        "name": "Brisbane City",
        "postcode": "4000",
        "region": "Brisbane"
    },
    {
        "name": "Fortitude Valley",
        "postcode": "4006",
        "region": "Brisbane"
    },
    {
        "name": "New Farm",
        "postcode": "4005",
        "region": "Brisbane"
    },
    {
        "name": "Teneriffe",
        "postcode": "4005",
        "region": "Brisbane"
    },
    {
        "name": "Newstead",
        "postcode": "4006",
        "region": "Brisbane"
    },
    {
        "name": "Bowen Hills",
        "postcode": "4006",
        "region": "Brisbane"
    },
    {
        "name": "Albion",
        "postcode": "4010",
        "region": "Brisbane"
    },
    {
        "name": "Ascot",
        "postcode": "4007",
        "region": "Brisbane"
    },
    {
        "name": "Hamilton",
        "postcode": "4007",
        "region": "Brisbane"
    },
    {
        "name": "Clayfield",
        "postcode": "4011",
        "region": "Brisbane"
    },
    {
        "name": "Hendra",
        "postcode": "4011",
        "region": "Brisbane"
    },
    {
        "name": "Nundah",
        "postcode": "4012",
        "region": "Brisbane"
    },
    {
        "name": "Northgate",
        "postcode": "4013",
        "region": "Brisbane"
    },
    {
        "name": "Banyo",
        "postcode": "4014",
        "region": "Brisbane"
    },
    {
        "name": "Nudgee",
        "postcode": "4014",
        "region": "Brisbane"
    },
    {
        "name": "Nudgee Beach",
        "postcode": "4014",
        "region": "Brisbane"
    },
    {
        "name": "Kedron",
        "postcode": "4031",
        "region": "Brisbane"
    },
    {
        "name": "Chermside",
        "postcode": "4032",
        "region": "Brisbane"
    },
    {
        "name": "Chermside West",
        "postcode": "4032",
        "region": "Brisbane"
    },
    {
        "name": "Aspley",
        "postcode": "4034",
        "region": "Brisbane"
    },
    {
        "name": "Bridgeman Downs",
        "postcode": "4035",
        "region": "Brisbane"
    },
    {
        "name": "Stafford",
        "postcode": "4053",
        "region": "Brisbane"
    },
    {
        "name": "Stafford Heights",
        "postcode": "4053",
        "region": "Brisbane"
    },
    {
        "name": "Grange",
        "postcode": "4051",
        "region": "Brisbane"
    },
    {
        "name": "Windsor",
        "postcode": "4030",
        "region": "Brisbane"
    },
    {
        "name": "Wilston",
        "postcode": "4051",
        "region": "Brisbane"
    },
    {
        "name": "Kelvin Grove",
        "postcode": "4059",
        "region": "Brisbane"
    },
    {
        "name": "Red Hill",
        "postcode": "4059",
        "region": "Brisbane"
    },
    {
        "name": "Paddington",
        "postcode": "4064",
        "region": "Brisbane"
    },
    {
        "name": "Milton",
        "postcode": "4064",
        "region": "Brisbane"
    },
    {
        "name": "Auchenflower",
        "postcode": "4066",
        "region": "Brisbane"
    },
    {
        "name": "Toowong",
        "postcode": "4066",
        "region": "Brisbane"
    },
    {
        "name": "St Lucia",
        "postcode": "4067",
        "region": "Brisbane"
    },
    {
        "name": "Indooroopilly",
        "postcode": "4068",
        "region": "Brisbane"
    },
    {
        "name": "Taringa",
        "postcode": "4068",
        "region": "Brisbane"
    },
    {
        "name": "Chapel Hill",
        "postcode": "4069",
        "region": "Brisbane"
    },
    {
        "name": "Kenmore",
        "postcode": "4069",
        "region": "Brisbane"
    },
    {
        "name": "Kenmore Hills",
        "postcode": "4069",
        "region": "Brisbane"
    },
    {
        "name": "Fig Tree Pocket",
        "postcode": "4069",
        "region": "Brisbane"
    },
    {
        "name": "West End",
        "postcode": "4101",
        "region": "Brisbane"
    },
    {
        "name": "South Brisbane",
        "postcode": "4101",
        "region": "Brisbane"
    },
    {
        "name": "Highgate Hill",
        "postcode": "4101",
        "region": "Brisbane"
    },
    {
        "name": "Woolloongabba",
        "postcode": "4102",
        "region": "Brisbane"
    },
    {
        "name": "Kangaroo Point",
        "postcode": "4169",
        "region": "Brisbane"
    },
    {
        "name": "East Brisbane",
        "postcode": "4169",
        "region": "Brisbane"
    },
    {
        "name": "Norman Park",
        "postcode": "4170",
        "region": "Brisbane"
    },
    {
        "name": "Hawthorne",
        "postcode": "4171",
        "region": "Brisbane"
    },
    {
        "name": "Bulimba",
        "postcode": "4171",
        "region": "Brisbane"
    },
    {
        "name": "Balmoral",
        "postcode": "4171",
        "region": "Brisbane"
    },
    {
        "name": "Morningside",
        "postcode": "4170",
        "region": "Brisbane"
    },
    {
        "name": "Cannon Hill",
        "postcode": "4170",
        "region": "Brisbane"
    },
    {
        "name": "Murarrie",
        "postcode": "4172",
        "region": "Brisbane"
    },
    {
        "name": "Tingalpa",
        "postcode": "4173",
        "region": "Brisbane"
    },
    {
        "name": "Hemmant",
        "postcode": "4174",
        "region": "Brisbane"
    },
    {
        "name": "Camp Hill",
        "postcode": "4152",
        "region": "Brisbane"
    },
    {
        "name": "Coorparoo",
        "postcode": "4151",
        "region": "Brisbane"
    },
    {
        "name": "Greenslopes",
        "postcode": "4120",
        "region": "Brisbane"
    },
    {
        "name": "Holland Park",
        "postcode": "4121",
        "region": "Brisbane"
    },
    {
        "name": "Holland Park West",
        "postcode": "4121",
        "region": "Brisbane"
    },
    {
        "name": "Mount Gravatt",
        "postcode": "4122",
        "region": "Brisbane"
    },
    {
        "name": "Upper Mount Gravatt",
        "postcode": "4122",
        "region": "Brisbane"
    },
    {
        "name": "Wishart",
        "postcode": "4122",
        "region": "Brisbane"
    },
    {
        "name": "Mansfield",
        "postcode": "4122",
        "region": "Brisbane"
    },
    {
        "name": "Sunnybank",
        "postcode": "4109",
        "region": "Brisbane"
    },
    {
        "name": "Sunnybank Hills",
        "postcode": "4109",
        "region": "Brisbane"
    },
    {
        "name": "Runcorn",
        "postcode": "4113",
        "region": "Brisbane"
    },
    {
        "name": "Eight Mile Plains",
        "postcode": "4113",
        "region": "Brisbane"
    },
    {
        "name": "Kuraby",
        "postcode": "4112",
        "region": "Brisbane"
    },
    {
        "name": "Rochedale",
        "postcode": "4123",
        "region": "Brisbane"
    },
    {
        "name": "Carindale",
        "postcode": "4152",
        "region": "Brisbane"
    },
    {
        "name": "Wynnum",
        "postcode": "4178",
        "region": "Brisbane"
    },
    {
        "name": "Wynnum West",
        "postcode": "4178",
        "region": "Brisbane"
    },
    {
        "name": "Manly",
        "postcode": "4179",
        "region": "Brisbane"
    },
    {
        "name": "Manly West",
        "postcode": "4179",
        "region": "Brisbane"
    },
    {
        "name": "Lota",
        "postcode": "4179",
        "region": "Brisbane"
    },
    {
        "name": "Gumdale",
        "postcode": "4154",
        "region": "Brisbane"
    },
    {
        "name": "Wakerley",
        "postcode": "4154",
        "region": "Brisbane"
    },
    {
        "name": "Capalaba",
        "postcode": "4157",
        "region": "Brisbane"
    },
    {
        "name": "Chandler",
        "postcode": "4155",
        "region": "Brisbane"
    },
    {
        "name": "Belmont",
        "postcode": "4153",
        "region": "Brisbane"
    },
    {
        "name": "Acacia Ridge",
        "postcode": "4110",
        "region": "Brisbane"
    },
    {
        "name": "Archerfield",
        "postcode": "4108",
        "region": "Brisbane"
    },
    {
        "name": "Coopers Plains",
        "postcode": "4108",
        "region": "Brisbane"
    },
    {
        "name": "Rocklea",
        "postcode": "4106",
        "region": "Brisbane"
    },
    {
        "name": "Salisbury",
        "postcode": "4107",
        "region": "Brisbane"
    },
    {
        "name": "Moorooka",
        "postcode": "4105",
        "region": "Brisbane"
    },
    {
        "name": "Yeerongpilly",
        "postcode": "4105",
        "region": "Brisbane"
    },
    {
        "name": "Yeronga",
        "postcode": "4104",
        "region": "Brisbane"
    },
    {
        "name": "Fairfield",
        "postcode": "4103",
        "region": "Brisbane"
    },
    {
        "name": "Annerley",
        "postcode": "4103",
        "region": "Brisbane"
    },
    {
        "name": "Tarragindi",
        "postcode": "4121",
        "region": "Brisbane"
    },
    {
        "name": "Corinda",
        "postcode": "4075",
        "region": "Brisbane"
    },
    {
        "name": "Sherwood",
        "postcode": "4075",
        "region": "Brisbane"
    },
    {
        "name": "Graceville",
        "postcode": "4075",
        "region": "Brisbane"
    },
    {
        "name": "Chelmer",
        "postcode": "4068",
        "region": "Brisbane"
    },
    {
        "name": "Oxley",
        "postcode": "4075",
        "region": "Brisbane"
    },
    {
        "name": "Darra",
        "postcode": "4076",
        "region": "Brisbane"
    },
    {
        "name": "Wacol",
        "postcode": "4076",
        "region": "Brisbane"
    },
    {
        "name": "Richlands",
        "postcode": "4077",
        "region": "Brisbane"
    },
    {
        "name": "Inala",
        "postcode": "4077",
        "region": "Brisbane"
    },
    {
        "name": "Durack",
        "postcode": "4077",
        "region": "Brisbane"
    },
    {
        "name": "Forest Lake",
        "postcode": "4078",
        "region": "Brisbane"
    },
    {
        "name": "Doolandella",
        "postcode": "4077",
        "region": "Brisbane"
    },
    {
        "name": "Pallara",
        "postcode": "4110",
        "region": "Brisbane"
    },
    {
        "name": "Heathwood",
        "postcode": "4110",
        "region": "Brisbane"
    },
    {
        "name": "Algester",
        "postcode": "4115",
        "region": "Brisbane"
    },
    {
        "name": "Calamvale",
        "postcode": "4116",
        "region": "Brisbane"
    },
    {
        "name": "Stretton",
        "postcode": "4116",
        "region": "Brisbane"
    },
    {
        "name": "Calamvale",
        "postcode": "4116",
        "region": "Brisbane"
    },
    {
        "name": "Parkinson",
        "postcode": "4115",
        "region": "Brisbane"
    },
    {
        "name": "Southport",
        "postcode": "4215",
        "region": "Gold Coast"
    },
    {
        "name": "Surfers Paradise",
        "postcode": "4217",
        "region": "Gold Coast"
    },
    {
        "name": "Main Beach",
        "postcode": "4217",
        "region": "Gold Coast"
    },
    {
        "name": "Broadbeach",
        "postcode": "4218",
        "region": "Gold Coast"
    },
    {
        "name": "Broadbeach Waters",
        "postcode": "4218",
        "region": "Gold Coast"
    },
    {
        "name": "Mermaid Beach",
        "postcode": "4218",
        "region": "Gold Coast"
    },
    {
        "name": "Mermaid Waters",
        "postcode": "4218",
        "region": "Gold Coast"
    },
    {
        "name": "Miami",
        "postcode": "4220",
        "region": "Gold Coast"
    },
    {
        "name": "Burleigh Heads",
        "postcode": "4220",
        "region": "Gold Coast"
    },
    {
        "name": "Burleigh Waters",
        "postcode": "4220",
        "region": "Gold Coast"
    },
    {
        "name": "Palm Beach",
        "postcode": "4221",
        "region": "Gold Coast"
    },
    {
        "name": "Elanora",
        "postcode": "4221",
        "region": "Gold Coast"
    },
    {
        "name": "Currumbin",
        "postcode": "4223",
        "region": "Gold Coast"
    },
    {
        "name": "Currumbin Waters",
        "postcode": "4223",
        "region": "Gold Coast"
    },
    {
        "name": "Currumbin Valley",
        "postcode": "4223",
        "region": "Gold Coast"
    },
    {
        "name": "Tugun",
        "postcode": "4224",
        "region": "Gold Coast"
    },
    {
        "name": "Bilinga",
        "postcode": "4225",
        "region": "Gold Coast"
    },
    {
        "name": "Coolangatta",
        "postcode": "4225",
        "region": "Gold Coast"
    },
    {
        "name": "Kirra",
        "postcode": "4225",
        "region": "Gold Coast"
    },
    {
        "name": "Robina",
        "postcode": "4226",
        "region": "Gold Coast"
    },
    {
        "name": "Varsity Lakes",
        "postcode": "4227",
        "region": "Gold Coast"
    },
    {
        "name": "Reedy Creek",
        "postcode": "4227",
        "region": "Gold Coast"
    },
    {
        "name": "Mudgeeraba",
        "postcode": "4213",
        "region": "Gold Coast"
    },
    {
        "name": "Tallai",
        "postcode": "4213",
        "region": "Gold Coast"
    },
    {
        "name": "Worongary",
        "postcode": "4213",
        "region": "Gold Coast"
    },
    {
        "name": "Nerang",
        "postcode": "4211",
        "region": "Gold Coast"
    },
    {
        "name": "Highland Park",
        "postcode": "4211",
        "region": "Gold Coast"
    },
    {
        "name": "Gilston",
        "postcode": "4211",
        "region": "Gold Coast"
    },
    {
        "name": "Carrara",
        "postcode": "4211",
        "region": "Gold Coast"
    },
    {
        "name": "Ashmore",
        "postcode": "4214",
        "region": "Gold Coast"
    },
    {
        "name": "Benowa",
        "postcode": "4217",
        "region": "Gold Coast"
    },
    {
        "name": "Bundall",
        "postcode": "4217",
        "region": "Gold Coast"
    },
    {
        "name": "Sorrento",
        "postcode": "4217",
        "region": "Gold Coast"
    },
    {
        "name": "Isle of Capri",
        "postcode": "4217",
        "region": "Gold Coast"
    },
    {
        "name": "Labrador",
        "postcode": "4215",
        "region": "Gold Coast"
    },
    {
        "name": "Chirn Park",
        "postcode": "4215",
        "region": "Gold Coast"
    },
    {
        "name": "Runaway Bay",
        "postcode": "4216",
        "region": "Gold Coast"
    },
    {
        "name": "Paradise Point",
        "postcode": "4216",
        "region": "Gold Coast"
    },
    {
        "name": "Hollywell",
        "postcode": "4216",
        "region": "Gold Coast"
    },
    {
        "name": "Coombabah",
        "postcode": "4216",
        "region": "Gold Coast"
    },
    {
        "name": "Biggera Waters",
        "postcode": "4216",
        "region": "Gold Coast"
    },
    {
        "name": "Hope Island",
        "postcode": "4212",
        "region": "Gold Coast"
    },
    {
        "name": "Sanctuary Cove",
        "postcode": "4212",
        "region": "Gold Coast"
    },
    {
        "name": "Helensvale",
        "postcode": "4212",
        "region": "Gold Coast"
    },
    {
        "name": "Oxenford",
        "postcode": "4210",
        "region": "Gold Coast"
    },
    {
        "name": "Pacific Pines",
        "postcode": "4211",
        "region": "Gold Coast"
    },
    {
        "name": "Maudsland",
        "postcode": "4210",
        "region": "Gold Coast"
    },
    {
        "name": "Guanaba",
        "postcode": "4210",
        "region": "Gold Coast"
    },
    {
        "name": "Coomera",
        "postcode": "4209",
        "region": "Gold Coast"
    },
    {
        "name": "Upper Coomera",
        "postcode": "4209",
        "region": "Gold Coast"
    },
    {
        "name": "Pimpama",
        "postcode": "4209",
        "region": "Gold Coast"
    },
    {
        "name": "Ormeau",
        "postcode": "4208",
        "region": "Gold Coast"
    },
    {
        "name": "Ormeau Hills",
        "postcode": "4208",
        "region": "Gold Coast"
    },
    {
        "name": "Kingsholme",
        "postcode": "4208",
        "region": "Gold Coast"
    },
    {
        "name": "Yatala",
        "postcode": "4207",
        "region": "Gold Coast"
    },
    {
        "name": "Jacobs Well",
        "postcode": "4208",
        "region": "Gold Coast"
    },
    {
        "name": "Stapylton",
        "postcode": "4207",
        "region": "Gold Coast"
    },
    {
        "name": "Logan Central",
        "postcode": "4114",
        "region": "Logan"
    },
    {
        "name": "Woodridge",
        "postcode": "4114",
        "region": "Logan"
    },
    {
        "name": "Kingston",
        "postcode": "4114",
        "region": "Logan"
    },
    {
        "name": "Slacks Creek",
        "postcode": "4127",
        "region": "Logan"
    },
    {
        "name": "Underwood",
        "postcode": "4119",
        "region": "Logan"
    },
    {
        "name": "Springwood",
        "postcode": "4127",
        "region": "Logan"
    },
    {
        "name": "Daisy Hill",
        "postcode": "4127",
        "region": "Logan"
    },
    {
        "name": "Shailer Park",
        "postcode": "4128",
        "region": "Logan"
    },
    {
        "name": "Cornubia",
        "postcode": "4130",
        "region": "Logan"
    },
    {
        "name": "Carbrook",
        "postcode": "4130",
        "region": "Logan"
    },
    {
        "name": "Loganholme",
        "postcode": "4129",
        "region": "Logan"
    },
    {
        "name": "Tanah Merah",
        "postcode": "4128",
        "region": "Logan"
    },
    {
        "name": "Beenleigh",
        "postcode": "4207",
        "region": "Logan"
    },
    {
        "name": "Eagleby",
        "postcode": "4207",
        "region": "Logan"
    },
    {
        "name": "Mount Warren Park",
        "postcode": "4207",
        "region": "Logan"
    },
    {
        "name": "Edens Landing",
        "postcode": "4207",
        "region": "Logan"
    },
    {
        "name": "Holmview",
        "postcode": "4207",
        "region": "Logan"
    },
    {
        "name": "Bahrs Scrub",
        "postcode": "4207",
        "region": "Logan"
    },
    {
        "name": "Bannockburn",
        "postcode": "4207",
        "region": "Logan"
    },
    {
        "name": "Windaroo",
        "postcode": "4207",
        "region": "Logan"
    },
    {
        "name": "Waterford",
        "postcode": "4133",
        "region": "Logan"
    },
    {
        "name": "Waterford West",
        "postcode": "4133",
        "region": "Logan"
    },
    {
        "name": "Loganlea",
        "postcode": "4131",
        "region": "Logan"
    },
    {
        "name": "Meadowbrook",
        "postcode": "4131",
        "region": "Logan"
    },
    {
        "name": "Marsden",
        "postcode": "4132",
        "region": "Logan"
    },
    {
        "name": "Crestmead",
        "postcode": "4132",
        "region": "Logan"
    },
    {
        "name": "Browns Plains",
        "postcode": "4118",
        "region": "Logan"
    },
    {
        "name": "Heritage Park",
        "postcode": "4118",
        "region": "Logan"
    },
    {
        "name": "Regents Park",
        "postcode": "4118",
        "region": "Logan"
    },
    {
        "name": "Hillcrest",
        "postcode": "4118",
        "region": "Logan"
    },
    {
        "name": "Boronia Heights",
        "postcode": "4124",
        "region": "Logan"
    },
    {
        "name": "Park Ridge",
        "postcode": "4125",
        "region": "Logan"
    },
    {
        "name": "Park Ridge South",
        "postcode": "4125",
        "region": "Logan"
    },
    {
        "name": "Greenbank",
        "postcode": "4124",
        "region": "Logan"
    },
    {
        "name": "New Beith",
        "postcode": "4124",
        "region": "Logan"
    },
    {
        "name": "Forestdale",
        "postcode": "4118",
        "region": "Logan"
    },
    {
        "name": "Munruben",
        "postcode": "4125",
        "region": "Logan"
    },
    {
        "name": "North Maclean",
        "postcode": "4280",
        "region": "Logan"
    },
    {
        "name": "South Maclean",
        "postcode": "4280",
        "region": "Logan"
    },
    {
        "name": "Jimboomba",
        "postcode": "4280",
        "region": "Logan"
    },
    {
        "name": "Logan Village",
        "postcode": "4207",
        "region": "Logan"
    },
    {
        "name": "Buccan",
        "postcode": "4207",
        "region": "Logan"
    },
    {
        "name": "Stockleigh",
        "postcode": "4280",
        "region": "Logan"
    },
    {
        "name": "Yarrabilba",
        "postcode": "4207",
        "region": "Logan"
    },
    {
        "name": "Ipswich",
        "postcode": "4305",
        "region": "Ipswich"
    },
    {
        "name": "West Ipswich",
        "postcode": "4305",
        "region": "Ipswich"
    },
    {
        "name": "East Ipswich",
        "postcode": "4305",
        "region": "Ipswich"
    },
    {
        "name": "North Ipswich",
        "postcode": "4305",
        "region": "Ipswich"
    },
    {
        "name": "Booval",
        "postcode": "4304",
        "region": "Ipswich"
    },
    {
        "name": "North Booval",
        "postcode": "4304",
        "region": "Ipswich"
    },
    {
        "name": "Bundamba",
        "postcode": "4304",
        "region": "Ipswich"
    },
    {
        "name": "Silkstone",
        "postcode": "4304",
        "region": "Ipswich"
    },
    {
        "name": "Brassall",
        "postcode": "4305",
        "region": "Ipswich"
    },
    {
        "name": "Raceview",
        "postcode": "4305",
        "region": "Ipswich"
    },
    {
        "name": "Yamanto",
        "postcode": "4305",
        "region": "Ipswich"
    },
    {
        "name": "Flinders View",
        "postcode": "4305",
        "region": "Ipswich"
    },
    {
        "name": "Churchill",
        "postcode": "4305",
        "region": "Ipswich"
    },
    {
        "name": "Coalfalls",
        "postcode": "4305",
        "region": "Ipswich"
    },
    {
        "name": "Sadliers Crossing",
        "postcode": "4305",
        "region": "Ipswich"
    },
    {
        "name": "Woodend",
        "postcode": "4305",
        "region": "Ipswich"
    },
    {
        "name": "Leichhardt",
        "postcode": "4305",
        "region": "Ipswich"
    },
    {
        "name": "One Mile",
        "postcode": "4305",
        "region": "Ipswich"
    },
    {
        "name": "Wulkuraka",
        "postcode": "4305",
        "region": "Ipswich"
    },
    {
        "name": "Blackstone",
        "postcode": "4304",
        "region": "Ipswich"
    },
    {
        "name": "Ebbw Vale",
        "postcode": "4304",
        "region": "Ipswich"
    },
    {
        "name": "Dinmore",
        "postcode": "4303",
        "region": "Ipswich"
    },
    {
        "name": "Riverview",
        "postcode": "4303",
        "region": "Ipswich"
    },
    {
        "name": "Goodna",
        "postcode": "4300",
        "region": "Ipswich"
    },
    {
        "name": "Gailes",
        "postcode": "4300",
        "region": "Ipswich"
    },
    {
        "name": "Camira",
        "postcode": "4300",
        "region": "Ipswich"
    },
    {
        "name": "Springfield",
        "postcode": "4300",
        "region": "Ipswich"
    },
    {
        "name": "Springfield Central",
        "postcode": "4300",
        "region": "Ipswich"
    },
    {
        "name": "Springfield Lakes",
        "postcode": "4300",
        "region": "Ipswich"
    },
    {
        "name": "Spring Mountain",
        "postcode": "4300",
        "region": "Ipswich"
    },
    {
        "name": "Brookwater",
        "postcode": "4300",
        "region": "Ipswich"
    },
    {
        "name": "Augustine Heights",
        "postcode": "4300",
        "region": "Ipswich"
    },
    {
        "name": "Bellbird Park",
        "postcode": "4300",
        "region": "Ipswich"
    },
    {
        "name": "Redbank",
        "postcode": "4301",
        "region": "Ipswich"
    },
    {
        "name": "Redbank Plains",
        "postcode": "4301",
        "region": "Ipswich"
    },
    {
        "name": "Collingwood Park",
        "postcode": "4301",
        "region": "Ipswich"
    },
    {
        "name": "Ripley",
        "postcode": "4306",
        "region": "Ipswich"
    },
    {
        "name": "South Ripley",
        "postcode": "4306",
        "region": "Ipswich"
    },
    {
        "name": "Deebing Heights",
        "postcode": "4306",
        "region": "Ipswich"
    },
    {
        "name": "Karalee",
        "postcode": "4306",
        "region": "Ipswich"
    },
    {
        "name": "Karana Downs",
        "postcode": "4306",
        "region": "Ipswich"
    },
    {
        "name": "Barellan Point",
        "postcode": "4306",
        "region": "Ipswich"
    },
    {
        "name": "Chuwar",
        "postcode": "4306",
        "region": "Ipswich"
    },
    {
        "name": "Tivoli",
        "postcode": "4305",
        "region": "Ipswich"
    },
    {
        "name": "North Tivoli",
        "postcode": "4305",
        "region": "Ipswich"
    },
    {
        "name": "Pine Mountain",
        "postcode": "4306",
        "region": "Ipswich"
    },
    {
        "name": "Muirlea",
        "postcode": "4306",
        "region": "Ipswich"
    },
    {
        "name": "Blacksoil",
        "postcode": "4306",
        "region": "Ipswich"
    },
    {
        "name": "Amberley",
        "postcode": "4306",
        "region": "Ipswich"
    },
    {
        "name": "Walloon",
        "postcode": "4306",
        "region": "Ipswich"
    },
    {
        "name": "Redcliffe",
        "postcode": "4020",
        "region": "Moreton Bay"
    },
    {
        "name": "Scarborough",
        "postcode": "4020",
        "region": "Moreton Bay"
    },
    {
        "name": "Newport",
        "postcode": "4020",
        "region": "Moreton Bay"
    },
    {
        "name": "Margate",
        "postcode": "4019",
        "region": "Moreton Bay"
    },
    {
        "name": "Woody Point",
        "postcode": "4019",
        "region": "Moreton Bay"
    },
    {
        "name": "Clontarf",
        "postcode": "4019",
        "region": "Moreton Bay"
    },
    {
        "name": "Kippa-Ring",
        "postcode": "4021",
        "region": "Moreton Bay"
    },
    {
        "name": "Rothwell",
        "postcode": "4022",
        "region": "Moreton Bay"
    },
    {
        "name": "North Lakes",
        "postcode": "4509",
        "region": "Moreton Bay"
    },
    {
        "name": "Mango Hill",
        "postcode": "4509",
        "region": "Moreton Bay"
    },
    {
        "name": "Murrumba Downs",
        "postcode": "4503",
        "region": "Moreton Bay"
    },
    {
        "name": "Griffin",
        "postcode": "4503",
        "region": "Moreton Bay"
    },
    {
        "name": "Kallangur",
        "postcode": "4503",
        "region": "Moreton Bay"
    },
    {
        "name": "Dakabin",
        "postcode": "4503",
        "region": "Moreton Bay"
    },
    {
        "name": "Petrie",
        "postcode": "4502",
        "region": "Moreton Bay"
    },
    {
        "name": "Strathpine",
        "postcode": "4500",
        "region": "Moreton Bay"
    },
    {
        "name": "Bray Park",
        "postcode": "4500",
        "region": "Moreton Bay"
    },
    {
        "name": "Brendale",
        "postcode": "4500",
        "region": "Moreton Bay"
    },
    {
        "name": "Lawnton",
        "postcode": "4501",
        "region": "Moreton Bay"
    },
    {
        "name": "Warner",
        "postcode": "4500",
        "region": "Moreton Bay"
    },
    {
        "name": "Cashmere",
        "postcode": "4500",
        "region": "Moreton Bay"
    },
    {
        "name": "Joyner",
        "postcode": "4500",
        "region": "Moreton Bay"
    },
    {
        "name": "Albany Creek",
        "postcode": "4035",
        "region": "Moreton Bay"
    },
    {
        "name": "Eatons Hill",
        "postcode": "4037",
        "region": "Moreton Bay"
    },
    {
        "name": "Arana Hills",
        "postcode": "4054",
        "region": "Moreton Bay"
    },
    {
        "name": "Ferny Hills",
        "postcode": "4055",
        "region": "Moreton Bay"
    },
    {
        "name": "Everton Hills",
        "postcode": "4053",
        "region": "Moreton Bay"
    },
    {
        "name": "Bunya",
        "postcode": "4055",
        "region": "Moreton Bay"
    },
    {
        "name": "Caboolture",
        "postcode": "4510",
        "region": "Moreton Bay"
    },
    {
        "name": "Caboolture South",
        "postcode": "4510",
        "region": "Moreton Bay"
    },
    {
        "name": "Upper Caboolture",
        "postcode": "4510",
        "region": "Moreton Bay"
    },
    {
        "name": "Morayfield",
        "postcode": "4506",
        "region": "Moreton Bay"
    },
    {
        "name": "Burpengary",
        "postcode": "4505",
        "region": "Moreton Bay"
    },
    {
        "name": "Burpengary East",
        "postcode": "4505",
        "region": "Moreton Bay"
    },
    {
        "name": "Narangba",
        "postcode": "4504",
        "region": "Moreton Bay"
    },
    {
        "name": "Deception Bay",
        "postcode": "4508",
        "region": "Moreton Bay"
    },
    {
        "name": "Bellmere",
        "postcode": "4510",
        "region": "Moreton Bay"
    },
    {
        "name": "Elanora",
        "postcode": "4221",
        "region": "Gold Coast"
    },
    {
        "name": "Bribie Island",
        "postcode": "4507",
        "region": "Moreton Bay"
    },
    {
        "name": "Bongaree",
        "postcode": "4507",
        "region": "Moreton Bay"
    },
    {
        "name": "Woorim",
        "postcode": "4507",
        "region": "Moreton Bay"
    },
    {
        "name": "Banksia Beach",
        "postcode": "4507",
        "region": "Moreton Bay"
    },
    {
        "name": "Sandstone Point",
        "postcode": "4511",
        "region": "Moreton Bay"
    },
    {
        "name": "Ningi",
        "postcode": "4511",
        "region": "Moreton Bay"
    },
    {
        "name": "Beachmere",
        "postcode": "4510",
        "region": "Moreton Bay"
    },
    {
        "name": "Godwin Beach",
        "postcode": "4511",
        "region": "Moreton Bay"
    },
    {
        "name": "Toorbul",
        "postcode": "4510",
        "region": "Moreton Bay"
    },
    {
        "name": "Donnybrook",
        "postcode": "4510",
        "region": "Moreton Bay"
    },
    {
        "name": "Dayboro",
        "postcode": "4521",
        "region": "Moreton Bay"
    },
    {
        "name": "Samford Village",
        "postcode": "4520",
        "region": "Moreton Bay"
    },
    {
        "name": "Samford Valley",
        "postcode": "4520",
        "region": "Moreton Bay"
    },
    {
        "name": "Wamuran",
        "postcode": "4512",
        "region": "Moreton Bay"
    },
    {
        "name": "Woodford",
        "postcode": "4514",
        "region": "Moreton Bay"
    },
    {
        "name": "D'Aguilar",
        "postcode": "4514",
        "region": "Moreton Bay"
    },
    {
        "name": "Elimbah",
        "postcode": "4516",
        "region": "Moreton Bay"
    }
]